total_loss,accuracy
2.3152546882629395,6.25
2.3532357215881348,7.81
2.120621919631958,12.5
2.030162811279297,21.88
1.9790098667144775,26.88
1.9212524890899658,29.17
1.8058265447616577,30.8
1.860888957977295,32.03
1.7259496450424194,33.68
1.5797083377838135,36.56
1.4752997159957886,38.92
1.2778600454330444,41.93
1.2030949592590332,44.71
1.2483389377593994,47.32
1.3077237606048584,48.75
1.00498628616333,50.78
1.051630973815918,52.21
1.0994728803634644,53.12
1.1021640300750732,53.62
1.280761480331421,54.06
1.109452247619629,54.61
0.8173967003822327,55.68
0.6249315142631531,56.66
0.9391813278198242,57.68
0.589383065700531,58.63
0.6750774383544922,59.25
0.9802564382553101,59.61
0.927853524684906,60.38
0.8012849688529968,61.1
0.5898569822311401,61.77
0.3996068835258484,62.8
0.4578736424446106,63.57
0.6842204332351685,64.02
0.5393298268318176,64.52
0.6062100529670715,65.0
0.5302966833114624,65.45
0.20718960464000702,66.3
0.3611142933368683,66.86
0.5022112727165222,67.23
0.3961208164691925,67.73
0.3039189875125885,68.29
0.44574758410453796,68.9
1.1771153211593628,68.82
0.7054021954536438,68.96
0.3627173900604248,69.44
0.36394602060317993,69.9
0.5793753266334534,70.28
0.5257114171981812,70.51
0.3013470768928528,70.85
0.49944424629211426,71.19
0.6672678589820862,71.2
0.45243528485298157,71.51
0.5563426613807678,71.58
0.8320155739784241,71.7
0.5326718688011169,72.05
0.4555834233760834,72.27
0.520770251750946,72.42
0.7543275356292725,72.47
0.3676297068595886,72.67
0.4636977016925812,73.02
0.8879231214523315,73.0
0.5051738023757935,73.14
0.4562362730503082,73.36
0.8059681057929993,73.44
0.32784709334373474,73.7
0.30489295721054077,73.86
0.5701237320899963,74.07
0.3796394467353821,74.22
0.27794620394706726,74.5
0.2283691167831421,74.78
0.5311089754104614,74.91
0.5892595052719116,75.04
0.1429625302553177,75.39
0.2518633306026459,75.63
0.39576229453086853,75.83
0.636726975440979,75.86
0.19147799909114838,76.18
0.30336591601371765,76.32
0.5748085379600525,76.38
0.32035598158836365,76.52
0.47978562116622925,76.54
0.3813778758049011,76.64
0.5830909013748169,76.77
0.3236367702484131,76.9
0.43699562549591064,77.06
0.4760189354419708,77.14
0.5996624231338501,77.12
0.23558486998081207,77.34
0.4610442519187927,77.39
0.6188691854476929,77.43
0.20907074213027954,77.64
0.6865472793579102,77.72
0.8494547009468079,77.82
0.18033427000045776,78.03
0.34666574001312256,78.12
0.8191053867340088,78.09
0.3221363127231598,78.22
0.34438931941986084,78.32
0.314994215965271,78.44
0.6311011910438538,78.44
0.25835147500038147,78.56
0.14683957397937775,78.74
0.2824326455593109,78.88
0.2764877378940582,79.03
0.2836303412914276,79.08
0.7945476770401001,79.04
0.17616859078407288,79.21
0.3758881986141205,79.28
0.37943169474601746,79.42
0.23652206361293793,79.55
0.28305181860923767,79.67
0.2709020972251892,79.74
0.6789999008178711,79.78
0.2549108564853668,79.88
0.47522610425949097,79.92
0.4864232540130615,79.96
0.4234900176525116,80.02
0.4720005989074707,79.98
0.1900484263896942,80.07
0.19645272195339203,80.18
0.27229851484298706,80.32
0.3980465829372406,80.38
0.4313158094882965,80.41
0.5535454154014587,80.47
0.3588186800479889,80.52
0.3343240022659302,80.61
0.4132493734359741,80.71
0.3567945063114166,80.81
0.2386941760778427,80.89
0.2725667357444763,80.99
0.5528497099876404,81.01
0.3783243000507355,81.08
0.10062163323163986,81.2
0.5334511399269104,81.23
0.5350739359855652,81.23
0.2665104568004608,81.3
0.6630941033363342,81.27
0.6244480609893799,81.27
0.3224688172340393,81.32
0.4685875475406647,81.29
0.11830064654350281,81.41
0.2792092263698578,81.49
0.4336831569671631,81.58
0.2981565296649933,81.64
0.40456128120422363,81.68
0.28965622186660767,81.72
0.34792280197143555,81.8
0.2016523778438568,81.86
0.20124691724777222,81.92
0.27409112453460693,81.98
0.27105993032455444,82.04
0.685410737991333,82.03
0.7861683964729309,82.03
0.14738209545612335,82.1
0.5141761302947998,82.12
0.4038110673427582,82.13
0.5257930159568787,82.15
0.37193602323532104,82.18
0.7526293992996216,82.19
0.24871698021888733,82.25
0.35983526706695557,82.3
0.3234844505786896,82.35
0.7019122242927551,82.32
0.3984677493572235,82.34
0.4852670133113861,82.39
0.3354279398918152,82.42
0.2910913825035095,82.49
0.2590165138244629,82.53
0.331916481256485,82.58
0.2756803035736084,82.63
0.577180027961731,82.62
0.2139883190393448,82.67
0.35820409655570984,82.7
0.335429310798645,82.69
0.5533966422080994,82.73
0.4470680356025696,82.74
0.4381250739097595,82.73
0.2493249922990799,82.81
0.13915354013442993,82.89
0.29778042435646057,82.92
0.36167070269584656,82.96
0.5325369238853455,82.98
0.8986333608627319,82.99
0.2661925256252289,83.05
0.47053951025009155,83.07
0.3318391442298889,83.11
0.47283628582954407,83.16
0.1652558594942093,83.21
0.14999788999557495,83.28
0.4369729459285736,83.31
0.778644859790802,83.31
0.508068323135376,83.33
0.4052494466304779,83.32
0.3527383804321289,83.38
0.5427517890930176,83.38
0.3198266327381134,83.4
0.3661026060581207,83.41
0.36890336871147156,83.43
0.15646763145923615,83.5
0.7345088124275208,83.48
0.8511322736740112,83.43
0.3202703297138214,83.46
0.30260396003723145,83.5
0.8695845007896423,83.44
0.1819949895143509,83.51
0.18609876930713654,83.57
0.35933181643486023,83.57
0.22612746059894562,83.62
0.32125961780548096,83.67
0.31891846656799316,83.69
0.3253798186779022,83.69
0.6545750498771667,83.7
0.5452051162719727,83.71
0.38559800386428833,83.73
0.3120885491371155,83.76
0.4785972535610199,83.78
0.3478686809539795,83.81
0.5153828859329224,83.82
0.7752820253372192,83.8
0.1884453147649765,83.85
0.34706658124923706,83.87
0.6544180512428284,83.85
0.34901100397109985,83.87
0.5225061774253845,83.9
0.21447615325450897,83.94
0.29131627082824707,83.96
0.4391385316848755,83.98
0.10100635886192322,84.05
0.26354819536209106,84.06
0.47689878940582275,84.08
0.17818979918956757,84.13
0.2675674259662628,84.17
0.4065476059913635,84.19
0.46971777081489563,84.2
0.3151332139968872,84.2
0.34650588035583496,84.23
0.5574057102203369,84.23
0.30128398537635803,84.24
0.12080361694097519,84.31
0.23457331955432892,84.35
0.39969515800476074,84.38
0.7531090974807739,84.39
0.11346277594566345,84.45
0.607637882232666,84.43
0.3093513250350952,84.46
0.5716478824615479,84.46
0.5350524187088013,84.48
0.21577832102775574,84.5
0.786952555179596,84.45
0.27414369583129883,84.47
0.5706365704536438,84.49
0.148961141705513,84.54
0.5257172584533691,84.55
0.370930939912796,84.56
0.1592533439397812,84.61
0.28923627734184265,84.63
0.32149797677993774,84.63
0.4201546311378479,84.63
0.31368279457092285,84.64
0.2341681271791458,84.68
0.4893953502178192,84.7
0.2813887894153595,84.73
0.29641905426979065,84.76
0.2706308960914612,84.8
0.5850359797477722,84.79
0.3507137894630432,84.8
0.09413190931081772,84.85
0.5264464020729065,84.86
0.24260775744915009,84.89
0.18190735578536987,84.91
0.28642594814300537,84.92
0.27590835094451904,84.94
0.7932197451591492,84.91
0.36070260405540466,84.93
0.29109105467796326,84.95
0.49846988916397095,84.99
0.43895408511161804,84.98
0.4288923740386963,84.98
0.5724393129348755,84.99
0.21598593890666962,85.03
0.5253371596336365,85.02
0.20590431988239288,85.05
0.26346710324287415,85.09
0.41522133350372314,85.09
0.33405306935310364,85.12
0.6737390160560608,85.12
0.3832608759403229,85.12
0.5708842873573303,85.11
0.4775170385837555,85.13
0.9870103597640991,85.1
0.6397125124931335,85.09
0.31472358107566833,85.13
0.21848122775554657,85.16
0.27738386392593384,85.17
0.22094936668872833,85.2
0.1202584058046341,85.24
0.37648874521255493,85.26
0.18819257616996765,85.29
0.07827100902795792,85.34
0.433868944644928,85.33
0.4949757754802704,85.34
0.5893011689186096,85.32
0.29217368364334106,85.31
0.5280855894088745,85.31
0.1425759494304657,85.35
0.7051671743392944,85.32
0.49859869480133057,85.29
0.2677043378353119,85.31
0.40331751108169556,85.31
0.41271278262138367,85.32
0.5197981595993042,85.33
0.27663177251815796,85.35
0.20620402693748474,85.37
0.6392143964767456,85.39
0.32771140336990356,85.41
0.6574337482452393,85.39
0.22030456364154816,85.42
0.4778824746608734,85.44
0.3369427025318146,85.45
0.49587517976760864,85.44
0.5314536094665527,85.45
0.519832193851471,85.43
0.40992507338523865,85.42
0.616038978099823,85.43
0.4201718270778656,85.44
0.417285680770874,85.45
0.5331906676292419,85.45
0.5458030700683594,85.46
0.570796549320221,85.46
0.6301522850990295,85.43
0.2107166051864624,85.45
0.2705051600933075,85.47
0.20243805646896362,85.49
0.22338758409023285,85.52
0.16851706802845,85.54
0.5409800410270691,85.55
0.5013623237609863,85.56
0.2185589075088501,85.59
0.497244268655777,85.57
0.5312861800193787,85.58
0.18947823345661163,85.6
0.1433546394109726,85.63
0.7773572206497192,85.63
0.35008296370506287,85.65
0.16607330739498138,85.68
0.08387468010187149,85.72
0.25084856152534485,85.73
0.4911607801914215,85.72
0.321492999792099,85.73
0.3806273639202118,85.73
0.17568688094615936,85.75
0.3666397035121918,85.77
0.6758127808570862,85.76
0.25339657068252563,85.78
0.31590142846107483,85.79
0.24236570298671722,85.79
0.7001863718032837,85.78
0.34799277782440186,85.78
0.4018346965312958,85.78
0.39804336428642273,85.78
0.2529304027557373,85.79
0.3459443747997284,85.81
0.898093581199646,85.8
0.48390519618988037,85.8
0.5322511792182922,85.8
0.2556745409965515,85.8
0.5232124924659729,85.79
0.48154738545417786,85.79
0.3935151696205139,85.78
0.29244112968444824,85.79
0.29051241278648376,85.81
0.550757110118866,85.8
0.17620161175727844,85.82
0.22547759115695953,85.85
0.3422415256500244,85.85
0.21852122247219086,85.86
0.5064656138420105,85.88
0.22711488604545593,85.9
0.2637118697166443,85.91
0.2972627580165863,85.92
0.3134499788284302,85.93
0.14145593345165253,85.96
0.3589268922805786,85.97
0.6917962431907654,85.97
0.29157304763793945,85.98
0.16274133324623108,86.0
0.33551421761512756,86.01
0.23127569258213043,86.04
0.144255593419075,86.06
0.28991949558258057,86.07
0.41579926013946533,86.07
0.31505218148231506,86.07
0.2918154001235962,86.09
0.48077392578125,86.1
0.41255539655685425,86.09
1.014024257659912,86.06
0.33718374371528625,86.08
0.24363762140274048,86.09
0.2570949196815491,86.1
0.09283816069364548,86.12
0.46317222714424133,86.11
0.4251391589641571,86.12
0.149305522441864,86.14
0.15928404033184052,86.15
0.23595528304576874,86.18
0.3548949956893921,86.19
0.5408090353012085,86.18
0.3992300033569336,86.17
0.34433767199516296,86.17
0.39581069350242615,86.18
0.6375165581703186,86.17
0.1298932582139969,86.2
0.3052695393562317,86.21
0.5599285960197449,86.19
0.23669114708900452,86.2
0.2406778186559677,86.21
0.3380573093891144,86.21
0.6441842913627625,86.2
0.2785548269748688,86.19
0.13916118443012238,86.22
0.3017757534980774,86.22
0.4348648190498352,86.23
0.3387005925178528,86.23
0.22131936252117157,86.23
0.26305535435676575,86.24
0.18930554389953613,86.25
0.3261491358280182,86.27
0.3800088167190552,86.28
0.16438081860542297,86.3
0.7073335647583008,86.29
0.2153708040714264,86.3
0.432086318731308,86.31
0.1715266853570938,86.33
0.29521605372428894,86.33
0.9969773888587952,86.3
0.40453439950942993,86.28
0.17188942432403564,86.31
0.5059167742729187,86.32
0.2772040069103241,86.34
0.35520458221435547,86.34
0.170473113656044,86.36
0.2612173557281494,86.37
0.9429173469543457,86.32
0.1980377584695816,86.34
0.05189325287938118,86.37
0.3114805817604065,86.38
0.15391980111598969,86.4
0.09285874664783478,86.43
0.22989815473556519,86.44
0.3001120090484619,86.45
0.7759044170379639,86.45
0.1226198747754097,86.47
0.30658262968063354,86.48
0.4467836916446686,86.48
0.2495734989643097,86.49
0.37516069412231445,86.49
0.6616219282150269,86.49
0.19150066375732422,86.52
0.5601111054420471,86.53
0.47466909885406494,86.53
0.4816281497478485,86.53
0.3683612048625946,86.54
0.6557334661483765,86.51
0.21035797894001007,86.53
0.18531204760074615,86.55
0.20868462324142456,86.57
0.1631782054901123,86.59
0.1421383023262024,86.62
0.3979533612728119,86.61
0.41635045409202576,86.6
0.14113882184028625,86.62
0.6196447610855103,86.63
0.46384215354919434,86.62
0.3133217990398407,86.63
0.6701557040214539,86.63
0.1541597843170166,86.65
0.5072380304336548,86.65
0.23465107381343842,86.66
0.5713462233543396,86.65
0.18811412155628204,86.65
0.38661256432533264,86.66
0.17158962786197662,86.68
0.37540000677108765,86.68
0.3810153007507324,86.69
0.5254281759262085,86.69
0.446399986743927,86.67
0.39230701327323914,86.69
0.18152768909931183,86.71
0.41777417063713074,86.71
0.715473473072052,86.68
0.1698019951581955,86.7
0.3655913174152374,86.71
0.7269641757011414,86.69
0.18567383289337158,86.7
0.33582803606987,86.71
0.2302786260843277,86.73
0.40090566873550415,86.72
0.27144330739974976,86.73
0.5180307030677795,86.73
0.2669166922569275,86.74
0.27098438143730164,86.76
0.2501506507396698,86.77
0.3672366142272949,86.77
0.5947667956352234,86.77
0.5236209034919739,86.75
0.795927107334137,86.72
0.10369991511106491,86.74
0.2087109535932541,86.76
0.49220040440559387,86.76
0.2975010573863983,86.77
0.23273509740829468,86.78
0.567868709564209,86.77
0.27059096097946167,86.78
0.23886510729789734,86.79
0.4477100670337677,86.78
0.43816596269607544,86.78
0.2962048649787903,86.79
0.4669274091720581,86.78
0.35675933957099915,86.8
0.2819618880748749,86.8
0.28178948163986206,86.8
0.12750549614429474,86.82
0.22382013499736786,86.83
0.21067054569721222,86.84
0.24954919517040253,86.86
0.32900434732437134,86.86
0.25390228629112244,86.88
0.2084628790616989,86.9
0.1823340505361557,86.92
0.47045227885246277,86.92
0.2115255743265152,86.93
0.2615385353565216,86.94
0.2808164656162262,86.95
0.2708098590373993,86.96
0.14258624613285065,86.98
0.8991042375564575,86.96
0.27338555455207825,86.96
0.20823268592357635,86.98
0.23936676979064941,86.98
0.6139465570449829,86.96
0.4478379786014557,86.96
0.18221890926361084,86.98
0.5619001388549805,86.96
0.40020495653152466,86.97
0.17441481351852417,86.98
0.21072109043598175,86.98
0.2348678708076477,86.99
0.2797115445137024,86.99
0.6228964328765869,87.0
0.3577817678451538,87.01
0.3331885039806366,87.01
0.1176399365067482,87.02
0.11484421789646149,87.05
0.11759500205516815,87.07
0.14217662811279297,87.08
0.21362155675888062,87.09
0.15098953247070312,87.11
0.146442711353302,87.12
0.7738837003707886,87.11
0.32688164710998535,87.12
0.18027153611183167,87.13
0.25825566053390503,87.14
0.7192580103874207,87.14
0.16262923181056976,87.16
0.2740032374858856,87.16
0.4641924500465393,87.17
0.37628173828125,87.17
0.33196407556533813,87.18
0.22886104881763458,87.18
0.5160256028175354,87.18
0.27131423354148865,87.19
0.3221004605293274,87.19
0.3029128909111023,87.19
0.2579621970653534,87.2
0.09196456521749496,87.22
0.15730640292167664,87.23
0.5766698122024536,87.25
0.6127952337265015,87.24
0.3498838245868683,87.24
0.24053186178207397,87.25
0.20913513004779816,87.26
0.20786631107330322,87.27
0.20012134313583374,87.28
0.2215004861354828,87.29
0.6335220336914062,87.29
0.19129784405231476,87.3
0.2253880649805069,87.31
0.16274085640907288,87.32
0.17993837594985962,87.34
0.2723507881164551,87.35
0.36971724033355713,87.34
0.1832786202430725,87.35
0.30980560183525085,87.35
0.14159850776195526,87.37
0.40353697538375854,87.38
0.35118141770362854,87.38
0.17961780726909637,87.4
0.34486904740333557,87.41
0.4687022268772125,87.42
0.28300508856773376,87.42
0.2637462913990021,87.43
0.20477920770645142,87.44
0.4716727137565613,87.45
0.3049888014793396,87.45
0.5662566423416138,87.44
0.4931770861148834,87.44
0.4689957797527313,87.43
0.5440312027931213,87.44
0.5015260577201843,87.44
0.08039931952953339,87.46
0.4297586679458618,87.46
0.10789737850427628,87.48
0.24414284527301788,87.49
0.27627405524253845,87.49
0.4813414514064789,87.49
0.20633533596992493,87.51
0.3379003405570984,87.5
0.27309489250183105,87.51
0.2420128583908081,87.52
0.3712204694747925,87.52
0.580713152885437,87.51
0.5147398114204407,87.51
0.46711254119873047,87.5
0.41485852003097534,87.51
0.19869151711463928,87.52
0.3327639400959015,87.52
0.46237900853157043,87.51
0.39662817120552063,87.52
0.16346614062786102,87.53
1.0925618410110474,87.5
0.5186535120010376,87.49
0.30619966983795166,87.5
0.8500765562057495,87.48
0.2116367369890213,87.5
0.47200241684913635,87.5
0.26019108295440674,87.51
0.420674204826355,87.51
0.18637247383594513,87.52
0.40803849697113037,87.52
0.586630642414093,87.52
0.24627049267292023,87.53
0.10694719105958939,87.54
0.37925946712493896,87.53
0.2465815395116806,87.54
0.2705133259296417,87.55
0.18241427838802338,87.56
0.11925950646400452,87.58
0.22628282010555267,87.59
0.2390759140253067,87.6
0.193144753575325,87.61
0.24479179084300995,87.61
0.5742608904838562,87.61
0.24781197309494019,87.62
0.34762656688690186,87.62
0.35348960757255554,87.62
0.12830153107643127,87.63
0.3771260976791382,87.63
0.277656614780426,87.64
0.4714674651622772,87.64
0.4317289888858795,87.63
0.18560926616191864,87.64
0.2326003611087799,87.66
0.3662509322166443,87.66
0.23787890374660492,87.67
0.5073409080505371,87.66
0.1422359049320221,87.68
0.2504127025604248,87.69
0.12405509501695633,87.71
0.45711469650268555,87.71
0.2937351167201996,87.71
0.14553183317184448,87.72
0.4227907359600067,87.72
0.31510573625564575,87.73
0.31528034806251526,87.74
0.2673456072807312,87.74
0.6793621778488159,87.73
0.27813199162483215,87.74
0.4379878640174866,87.75
0.4065738916397095,87.75
0.49557673931121826,87.75
0.3359159529209137,87.76
0.22429056465625763,87.76
0.1702479124069214,87.77
0.3832988142967224,87.77
0.43973711133003235,87.77
0.37879449129104614,87.77
0.23186515271663666,87.77
0.17993739247322083,87.78
0.27701255679130554,87.78
0.35610324144363403,87.79
0.27341198921203613,87.79
0.4919203817844391,87.79
0.12186739593744278,87.8
0.17221640050411224,87.81
0.20840346813201904,87.82
0.17766007781028748,87.83
0.5128797292709351,87.82
0.13812048733234406,87.83
0.22185613214969635,87.84
0.12478958815336227,87.85
0.5377748012542725,87.85
0.4193592965602875,87.84
0.45782774686813354,87.85
0.13725145161151886,87.86
0.5043143033981323,87.86
0.28468209505081177,87.86
0.352764368057251,87.85
0.1087731346487999,87.86
0.5365479588508606,87.86
0.1592765748500824,87.87
0.08025841414928436,87.88
0.4915768802165985,87.87
0.4093457758426666,87.87
0.44449448585510254,87.86
0.4645281732082367,87.86
0.1413787603378296,87.87
0.2601574957370758,87.87
0.5333350300788879,87.86
0.33841654658317566,87.86
0.3570190966129303,87.86
0.4180839955806732,87.87
0.5903525352478027,87.86
0.2398691326379776,87.87
0.32705560326576233,87.87
0.3843824863433838,87.87
0.21533150970935822,87.87
0.1132245659828186,87.88
0.39317023754119873,87.88
0.29508402943611145,87.88
0.2398536205291748,87.89
0.4990660846233368,87.89
0.14253464341163635,87.9
0.13694149255752563,87.91
0.34569552540779114,87.93
0.38534653186798096,87.92
0.5419624447822571,87.92
0.2416723668575287,87.92
0.4253176748752594,87.93
0.21472731232643127,87.94
0.19258783757686615,87.94
0.5336014628410339,87.95
0.13647820055484772,87.95
0.4543800354003906,87.95
0.5222961902618408,87.95
0.2374386191368103,87.94
0.6425191164016724,87.95
0.5658178329467773,87.94
0.46592071652412415,87.94
0.19172170758247375,87.95
0.6238849759101868,87.96
0.37863877415657043,87.96
0.23473884165287018,87.97
0.2839110791683197,87.96
0.2089051902294159,87.97
0.2001652866601944,87.98
0.7839006185531616,87.98
0.7373276948928833,87.95
0.2991143763065338,87.97
0.5430898070335388,87.97
0.19140172004699707,87.97
0.4079241454601288,87.97
0.5614362359046936,87.96
0.45047280192375183,87.96
0.6127396821975708,87.95
0.9962157607078552,87.94
0.4649934470653534,87.93
0.20795810222625732,87.94
0.4813963770866394,87.94
0.34785088896751404,87.93
0.21699796617031097,87.94
0.17863750457763672,87.95
0.20511896908283234,87.95
0.28088492155075073,87.95
0.5795131921768188,87.94
0.5441438555717468,87.94
0.5176212787628174,87.94
0.14589081704616547,87.95
0.48271650075912476,87.95
0.6216088533401489,87.93
0.15780988335609436,87.93
0.16419240832328796,87.94
0.2560650408267975,87.94
0.12771247327327728,87.95
0.33340516686439514,87.95
0.19404689967632294,87.95
0.13618479669094086,87.96
0.2991798520088196,87.96
0.4960257112979889,87.96
0.1323298066854477,87.98
0.4428935945034027,87.97
0.3387436866760254,87.97
0.5358348488807678,87.97
0.35730457305908203,87.97
0.13844043016433716,87.98
0.47623294591903687,87.97
0.370773047208786,87.98
0.44223085045814514,87.99
0.3283907473087311,87.99
0.31347930431365967,88.0
0.4038941264152527,88.0
0.23398351669311523,88.01
0.12362787127494812,88.02
0.17558854818344116,88.03
0.4429956376552582,88.03
0.2432459145784378,88.03
0.19324935972690582,88.04
0.22593577206134796,88.04
0.43945053219795227,88.04
0.3262515962123871,88.04
0.37761783599853516,88.04
0.22091248631477356,88.05
0.1408362090587616,88.06
0.1896597445011139,88.07
0.1614789515733719,88.08
0.19305464625358582,88.08
0.11822886765003204,88.1
0.3095833659172058,88.1
0.2806412875652313,88.1
0.49295973777770996,88.11
0.4541472792625427,88.11
0.22265887260437012,88.12
0.33761322498321533,88.12
0.24893730878829956,88.12
0.2778848707675934,88.12
0.4140368103981018,88.13
0.2917627692222595,88.13
0.13005989789962769,88.14
0.45869073271751404,88.15
0.7098839282989502,88.15
0.38980039954185486,88.15
0.46223214268684387,88.14
0.4871858060359955,88.15
0.47702962160110474,88.15
0.16762319207191467,88.16
0.08703188598155975,88.17
0.7223644852638245,88.16
0.32235562801361084,88.16
0.24322082102298737,88.17
0.31279364228248596,88.17
0.4847080111503601,88.17
0.411684513092041,88.17
0.22188276052474976,88.18
0.36097171902656555,88.17
0.2993074953556061,88.18
0.27783042192459106,88.18
0.31573954224586487,88.19
0.665708601474762,88.19
0.2657513916492462,88.19
0.440416544675827,88.19
0.3688432276248932,88.17
0.7884738445281982,88.16
0.4335646331310272,88.16
0.21078728139400482,88.17
0.27026715874671936,88.17
0.29331493377685547,88.17
0.13246510922908783,88.18
0.22802166640758514,88.18
0.15457725524902344,88.19
0.3725462853908539,88.19
0.4730304181575775,88.19
0.3089148700237274,88.19
0.08741216361522675,88.2
0.7082152366638184,88.2
0.6392124891281128,88.2
0.24758470058441162,88.2
0.25247010588645935,88.21
0.2826247215270996,88.21
0.5281940698623657,88.21
0.23996837437152863,88.21
0.34071651101112366,88.21
0.16485373675823212,88.22
0.1320757269859314,88.23
0.2903020679950714,88.24
0.1507793366909027,88.25
0.42798107862472534,88.25
0.24735036492347717,88.26
0.21336492896080017,88.26
0.4049294590950012,88.26
0.8509899973869324,88.26
0.5037756562232971,88.26
0.47414031624794006,88.26
0.20968981087207794,88.26
0.4530135989189148,88.26
0.39441996812820435,88.25
0.4186009168624878,88.25
0.2802638113498688,88.25
0.42489004135131836,88.25
0.16924574971199036,88.26
0.5720365047454834,88.25
0.2300880253314972,88.26
0.29117661714553833,88.26
0.2798900902271271,88.27
0.4435083568096161,88.27
0.44784876704216003,88.26
0.9045422077178955,88.24
0.2835851311683655,88.24
0.49482280015945435,88.24
0.6075993776321411,88.23
0.7030510902404785,88.22
0.3896273970603943,88.23
1.1453791856765747,88.22
0.2649310529232025,88.23
0.12057873606681824,88.24
0.6897701025009155,88.23
0.19428373873233795,88.24
0.22963248193264008,88.24
0.7204244136810303,88.23
0.29696106910705566,88.24
0.5591939091682434,88.23
0.16863147914409637,88.24
0.12272908538579941,88.24
0.32961276173591614,88.24
0.36943018436431885,88.24
0.45909443497657776,88.25
0.2978300154209137,88.26
0.44266945123672485,88.25
0.3178495466709137,88.26
0.6818994283676147,88.25
0.28033438324928284,88.25
0.40663957595825195,88.26
0.5330585837364197,88.26
0.2856384515762329,88.26
0.21924905478954315,88.27
0.29175883531570435,88.27
0.21121664345264435,88.28
0.28501373529434204,88.29
0.5281949043273926,88.28
0.36718976497650146,88.28
0.4321637451648712,88.28
0.43582794070243835,88.28
0.18150988221168518,88.29
0.10526690632104874,88.3
0.31129491329193115,88.3
0.3178149461746216,88.3
0.17190030217170715,88.31
0.3336484134197235,88.3
0.13009397685527802,88.31
0.3191593885421753,88.31
0.3094196319580078,88.31
0.20761029422283173,88.31
0.35488763451576233,88.31
0.20021791756153107,88.32
0.11246386915445328,88.33
0.7210361361503601,88.32
0.10777515172958374,88.33
0.09434311091899872,88.35
0.4170096516609192,88.35
0.634334146976471,88.34
0.7682034373283386,88.34
0.19914107024669647,88.35
0.7127599120140076,88.34
0.16571862995624542,88.35
0.32092416286468506,88.35
0.4824656844139099,88.35
0.29168349504470825,88.35
0.6651723384857178,88.35
0.6354115605354309,88.34
0.27633506059646606,88.35
0.04574541375041008,88.36
0.2823391258716583,88.36
0.20211432874202728,88.36
0.5339421033859253,88.36
0.21955403685569763,88.37
0.1672537475824356,88.37
0.16604077816009521,88.38
0.3959537446498871,88.38
0.11517278850078583,88.39
0.30711036920547485,88.39
0.19975975155830383,88.4
0.4146542251110077,88.4
0.14404739439487457,88.4
0.131828173995018,88.41
0.2706639766693115,88.42
0.6186199188232422,88.42
0.7904189229011536,88.41
0.3107638657093048,88.41
0.3725278079509735,88.41
0.5173184871673584,88.41
0.5318812131881714,88.42
0.27350929379463196,88.42
0.45472875237464905,88.42
0.5281391143798828,88.41
0.3355693221092224,88.42
0.2178443968296051,88.42
0.44135555624961853,88.42
0.260064959526062,88.43
0.15119405090808868,88.44
0.12181447446346283,88.45
0.6128851771354675,88.44
0.2113143354654312,88.45
0.759634792804718,88.45
0.07608342170715332,88.46
0.7770622968673706,88.46
0.31884023547172546,88.46
0.2924434542655945,88.46
0.1679103672504425,88.47
0.6258094906806946,88.47
0.19500231742858887,88.47
0.18324729800224304,88.48
0.3503127694129944,88.49
0.39887818694114685,88.49
0.4053277373313904,88.49
0.17350423336029053,88.49
0.3276168704032898,88.49
0.3316230773925781,88.49
0.7135084867477417,88.49
0.30642542243003845,88.49
0.21785631775856018,88.5
0.13054388761520386,88.5
0.3534928560256958,88.5
0.27804139256477356,88.51
0.20755980908870697,88.51
0.42653727531433105,88.51
0.5105535387992859,88.51
0.1313624382019043,88.52
0.18366265296936035,88.52
0.15657898783683777,88.53
0.16152016818523407,88.53
0.5157831311225891,88.53
0.09262604266405106,88.54
0.08631933480501175,88.55
0.1946626901626587,88.55
0.37597379088401794,88.55
0.43868640065193176,88.55
0.5817599296569824,88.55
0.14153102040290833,88.56
0.6690335869789124,88.56
0.3258259892463684,88.56
0.27873095870018005,88.57
0.22148196399211884,88.57
0.12924043834209442,88.57
0.18731874227523804,88.58
0.3486545979976654,88.58
0.24568939208984375,88.59
0.31514987349510193,88.6
0.4071591794490814,88.6
0.5399424433708191,88.59
0.2888016700744629,88.59
0.7238788604736328,88.59
0.3105420768260956,88.59
0.15730781853199005,88.6
0.3255799114704132,88.6
0.27179181575775146,88.61
0.7988512516021729,88.6
0.3758862018585205,88.6
0.22536246478557587,88.61
0.17898352444171906,88.61
0.5897409319877625,88.61
0.4080159068107605,88.61
0.4383210837841034,88.6
0.7066657543182373,88.6
0.3857268989086151,88.59
0.2886885106563568,88.6
0.20186053216457367,88.6
0.41523364186286926,88.6
0.1778726726770401,88.61
0.16963131725788116,88.61
0.4242629110813141,88.61
0.5335603952407837,88.61
0.38028964400291443,88.62
0.18920443952083588,88.63
0.3892861604690552,88.63
0.42461857199668884,88.62
0.7044693827629089,88.62
0.47517499327659607,88.61
0.6043199896812439,88.61
0.4960574805736542,88.6
0.5435722470283508,88.6
0.1370691955089569,88.61
0.2826162576675415,88.61
0.2973406910896301,88.61
0.5403009057044983,88.61
0.3764999508857727,88.61
0.2690110206604004,88.61
0.14550964534282684,88.62
0.20156514644622803,88.63
0.269198477268219,88.63
0.15621313452720642,88.64
0.20273305475711823,88.64
0.34051117300987244,88.65
0.2962469756603241,88.64
0.5104470252990723,88.64
0.13192981481552124,88.65
0.23770713806152344,88.66
0.511954665184021,88.66
0.1374657303094864,88.67
0.74480801820755,88.66
0.3494715392589569,88.66
0.35463300347328186,88.66
0.36807680130004883,88.66
0.2912518084049225,88.65
0.19891194999217987,88.66
0.2833020091056824,88.67
0.23235395550727844,88.67
0.596257209777832,88.67
0.4941518306732178,88.67
0.12810564041137695,88.67
0.6088979840278625,88.67
0.22932399809360504,88.68
0.5422680377960205,88.67
0.7237855792045593,88.67
0.5236992835998535,88.67
0.2613184452056885,88.67
0.16115964949131012,88.68
0.07866395264863968,88.69
0.34294557571411133,88.68
0.05459987744688988,88.69
0.2511008679866791,88.7
0.26907557249069214,88.7
0.16308467090129852,88.71
0.3074387013912201,88.71
0.3124120831489563,88.71
0.16597215831279755,88.72
0.4507333040237427,88.71
0.42977866530418396,88.71
0.3839043378829956,88.72
0.38220417499542236,88.72
0.44056040048599243,88.73
0.2709903419017792,88.73
0.39443638920783997,88.74
0.7370215654373169,88.73
0.1822953075170517,88.74
0.3065039813518524,88.74
0.6272206902503967,88.74
0.19790497422218323,88.75
0.11859732866287231,88.76
0.30195653438568115,88.76
0.15419098734855652,88.77
0.40698984265327454,88.77
0.0934065729379654,88.78
0.10125501453876495,88.79
0.2410172075033188,88.79
0.1674293875694275,88.8
0.1685766875743866,88.8
0.2148449420928955,88.81
0.15248988568782806,88.81
0.12525981664657593,88.81
0.10502748936414719,88.82
0.19539879262447357,88.83
0.5816419720649719,88.82
0.364222913980484,88.82
0.46193599700927734,88.82
0.24498045444488525,88.82
0.15557578206062317,88.82
0.24256297945976257,88.83
0.2328128069639206,88.83
0.28826239705085754,88.83
0.3288344144821167,88.83
0.6449862718582153,88.82
0.44081565737724304,88.83
0.13565261662006378,88.83
0.6002303957939148,88.83
0.23328028619289398,88.83
0.17865490913391113,88.83
0.12690822780132294,88.84
0.1905314177274704,88.85
0.23504658043384552,88.85
0.5988293290138245,88.85
0.39781835675239563,88.85
0.12457672506570816,88.86
0.4196528494358063,88.86
0.49949678778648376,88.87
0.12810878455638885,88.87
0.2108139991760254,88.87
0.4006805121898651,88.87
0.21007248759269714,88.87
0.18512201309204102,88.88
0.2522725462913513,88.88
0.35290032625198364,88.88
0.4467024803161621,88.88
0.3069975674152374,88.88
0.10536294430494308,88.89
0.4786738157272339,88.89
0.6698900461196899,88.89
0.5556584596633911,88.88
0.1445811539888382,88.89
0.4461802840232849,88.88
0.6153629422187805,88.88
0.09497908502817154,88.89
0.06878671795129776,88.89
0.360110342502594,88.89
0.19586466252803802,88.89
0.1721116453409195,88.89
0.22696124017238617,88.9
0.07743864506483078,88.9
0.6031304597854614,88.9
0.35132989287376404,88.9
0.35459989309310913,88.9
0.43549248576164246,88.89
0.05701860412955284,88.9
0.1627887487411499,88.9
0.11636088788509369,88.91
0.09148836135864258,88.92
0.4428144097328186,88.91
0.10180113464593887,88.92
0.3381105065345764,88.92
0.26664990186691284,88.92
0.3047335147857666,88.92
0.20097044110298157,88.93
0.33848899602890015,88.93
0.4720444977283478,88.93
0.37453335523605347,88.94
0.18023723363876343,88.94
0.6464797258377075,88.94
0.6976326704025269,88.93
0.22514395415782928,88.94
0.4170878827571869,88.93
0.2307397574186325,88.94
0.1615801453590393,88.94
0.2985481023788452,88.95
0.2912386357784271,88.95
0.2588518261909485,88.94
0.1746818572282791,88.95
0.7971231937408447,88.94
0.4800999164581299,88.94
0.40847834944725037,88.94
0.3338417112827301,88.94
0.22722363471984863,88.94
0.39697837829589844,88.94
0.45075011253356934,88.94
0.13211016356945038,88.95
0.4911566376686096,88.95
0.5504909157752991,88.94
0.20232419669628143,88.95
0.14987128973007202,88.95
0.3942878246307373,88.95
0.3275611102581024,88.95
0.44292744994163513,88.94
0.37778139114379883,88.94
0.16344904899597168,88.94
0.1541135609149933,88.95
0.4807535409927368,88.95
0.19691716134548187,88.95
0.1975075900554657,88.96
0.27512773871421814,88.96
0.8132305145263672,88.96
0.1884840428829193,88.96
0.2670678496360779,88.96
0.2972612679004669,88.96
0.44613173604011536,88.96
0.16795052587985992,88.96
0.04142056778073311,88.97
0.11692049354314804,88.98
0.11709912121295929,88.98
0.29750388860702515,88.98
0.2586931586265564,88.98
0.44804367423057556,88.99
0.47003230452537537,88.98
0.7075943350791931,88.98
0.2870457172393799,88.99
0.13932578265666962,88.99
0.25608593225479126,88.99
0.20564107596874237,88.99
0.28038421273231506,89.0
0.473359078168869,89.0
0.1979353427886963,89.0
0.3198416531085968,89.0
0.40775954723358154,89.01
0.13149744272232056,89.01
0.7358165383338928,89.01
0.21165376901626587,89.02
0.2753812074661255,89.02
0.1954890340566635,89.02
0.8302046060562134,89.02
0.13633213937282562,89.02
0.1783095896244049,89.02
0.2153782993555069,89.02
0.19551140069961548,89.03
0.07127399742603302,89.04
0.4159761667251587,89.04
0.13831853866577148,89.04
0.32723161578178406,89.04
0.31622546911239624,89.04
0.23529739677906036,89.05
0.2756955623626709,89.04
0.3443583548069,89.04
0.18253391981124878,89.04
0.17008446156978607,89.05
0.5110499858856201,89.05
0.054921653121709824,89.06
0.13420191407203674,89.07
0.44498682022094727,89.07
0.3632030189037323,89.07
0.31046903133392334,89.07
0.34376683831214905,89.07
0.3298628330230713,89.07
0.08155214786529541,89.08
0.15331056714057922,89.08
0.42005088925361633,89.08
0.11335985362529755,89.09
0.6260892748832703,89.09
0.3302439749240875,89.09
0.501778244972229,89.09
0.52327561378479,89.09
0.2111469954252243,89.09
0.48177555203437805,89.09
0.21792325377464294,89.09
0.13494043052196503,89.1
0.30629706382751465,89.09
0.4123061001300812,89.09
0.46937328577041626,89.09
0.25375276803970337,89.1
0.4843156933784485,89.09
0.6068969964981079,89.1
0.20410726964473724,89.1
0.8940847516059875,89.1
0.2713663876056671,89.1
0.5492666959762573,89.11
0.41266703605651855,89.11
0.19688110053539276,89.11
0.24605628848075867,89.11
0.421326220035553,89.11
0.4213930070400238,89.11
0.5228847861289978,89.11
0.4879538118839264,89.11
0.4765135943889618,89.11
0.12020553648471832,89.11
0.3635401725769043,89.11
0.7226006388664246,89.1
0.45958977937698364,89.1
0.15705928206443787,89.11
0.3455565273761749,89.11
0.3802015483379364,89.11
0.37078857421875,89.11
0.25402241945266724,89.11
0.2878296375274658,89.1
0.21793000400066376,89.11
0.19210775196552277,89.11
0.6949837803840637,89.11
0.46120360493659973,89.11
0.43177905678749084,89.1
0.17211292684078217,89.11
0.2428729236125946,89.11
0.3128034770488739,89.11
0.22867408394813538,89.12
0.1571115106344223,89.12
0.4242919087409973,89.12
0.09207931905984879,89.13
0.6512686014175415,89.12
0.5860247015953064,89.12
0.4883596897125244,89.12
0.4382960796356201,89.12
0.48015210032463074,89.11
0.3188427984714508,89.11
0.25124695897102356,89.12
0.30309006571769714,89.12
0.5133159756660461,89.12
0.3529568314552307,89.12
0.3639656901359558,89.11
0.1562468707561493,89.12
0.19135138392448425,89.12
0.3189832270145416,89.12
0.6574358940124512,89.11
0.23023594915866852,89.11
0.4453358054161072,89.11
0.266956090927124,89.12
0.38451695442199707,89.11
0.15410327911376953,89.12
0.29040005803108215,89.11
0.20643769204616547,89.12
0.5270460247993469,89.12
0.6456228494644165,89.12
0.14750081300735474,89.12
0.24442119896411896,89.12
0.2769138514995575,89.12
0.1436937004327774,89.13
0.46826207637786865,89.13
0.07004719227552414,89.13
0.36103829741477966,89.13
0.5221251249313354,89.13
0.14887116849422455,89.13
0.36189231276512146,89.13
0.34713274240493774,89.13
0.5478143095970154,89.13
0.3211301565170288,89.13
0.238643616437912,89.13
0.0933380275964737,89.13
0.6477081775665283,89.13
0.34720689058303833,89.13
0.11697331815958023,89.14
0.4582538306713104,89.13
0.6144328713417053,89.13
0.425036758184433,89.13
0.29693731665611267,89.13
0.2169446498155594,89.13
0.23479734361171722,89.13
0.18820305168628693,89.13
0.5069657564163208,89.13
0.19174934923648834,89.13
0.21365498006343842,89.13
0.6598706245422363,89.14
0.40379250049591064,89.13
0.12542292475700378,89.14
0.4214191138744354,89.14
0.39118438959121704,89.14
0.2946963608264923,89.14
0.06372703611850739,89.15
0.4246295988559723,89.14
0.18892982602119446,89.15
0.5101754069328308,89.15
0.36992791295051575,89.14
0.6718428134918213,89.14
0.44912680983543396,89.14
0.24613803625106812,89.14
0.5373799800872803,89.13
0.13043467700481415,89.14
0.2047063410282135,89.15
0.11609985679388046,89.15
0.2497456967830658,89.15
0.3371174931526184,89.15
0.2197594940662384,89.16
0.1153334528207779,89.16
0.24683237075805664,89.17
0.2407321333885193,89.17
1.0793243646621704,89.16
0.44110339879989624,89.16
0.22313350439071655,89.16
0.5051462650299072,89.16
0.05855187773704529,89.17
0.6941066384315491,89.17
0.15876053273677826,89.17
0.1202370747923851,89.18
0.49924758076667786,89.17
0.2807600498199463,89.17
0.8081662654876709,89.17
0.47717228531837463,89.16
0.5853573679924011,89.16
0.9892804622650146,89.16
0.342273473739624,89.16
0.14223729074001312,89.17
0.9132125377655029,89.15
0.5373808145523071,89.15
0.31530168652534485,89.15
0.399737149477005,89.14
0.23440414667129517,89.15
0.2356395125389099,89.15
0.2169722616672516,89.15
0.249502032995224,89.15
0.338286429643631,89.15
0.32544246315956116,89.15
0.2844352722167969,89.15
0.3292313516139984,89.15
0.44917452335357666,89.15
0.3645879030227661,89.15
0.3963894844055176,89.15
0.46173205971717834,89.15
0.542717456817627,89.15
0.1734480857849121,89.15
0.4054701626300812,89.15
0.2566656768321991,89.15
0.6307844519615173,89.14
0.22331266105175018,89.15
0.13402293622493744,89.15
0.30897945165634155,89.15
0.39904916286468506,89.15
0.2303544133901596,89.15
0.32824209332466125,89.15
0.43698036670684814,89.15
0.181599959731102,89.15
0.39925894141197205,89.15
0.2731008529663086,89.15
0.6711121797561646,89.15
0.16359220445156097,89.15
0.31454938650131226,89.15
0.2989532947540283,89.16
0.12728318572044373,89.16
0.27953019738197327,89.16
0.2513057589530945,89.15
0.27084827423095703,89.15
0.560515820980072,89.15
0.544165313243866,89.15
0.15575125813484192,89.15
0.04911201074719429,89.16
0.13603100180625916,89.17
0.301479309797287,89.17
0.2749146819114685,89.17
0.2842871844768524,89.17
0.12533265352249146,89.18
0.2674964964389801,89.18
0.5132740139961243,89.18
0.284279465675354,89.18
0.6650556921958923,89.18
0.15110205113887787,89.18
0.32168352603912354,89.18
0.8088658452033997,89.17
0.5159826874732971,89.17
0.19785615801811218,89.17
0.3388306796550751,89.17
0.3582336902618408,89.17
0.1317821741104126,89.18
0.428716242313385,89.17
0.5068501234054565,89.17
0.4209136366844177,89.16
0.4105067551136017,89.16
0.5462532043457031,89.16
0.425823450088501,89.16
0.4715055525302887,89.16
0.11285462975502014,89.16
0.2554415166378021,89.16
0.22531667351722717,89.16
0.4515460729598999,89.16
0.21125636994838715,89.17
0.15616032481193542,89.17
0.5790287852287292,89.17
0.614233136177063,89.17
0.24150653183460236,89.17
0.098948635160923,89.18
0.37357091903686523,89.18
0.09571855515241623,89.18
0.47847309708595276,89.18
0.5412156581878662,89.18
0.29249992966651917,89.19
0.2666616141796112,89.18
0.12634052336215973,89.19
0.5653448700904846,89.19
0.5487356185913086,89.18
0.26557421684265137,89.18
0.1779668927192688,89.19
0.3466673195362091,89.19
0.2274496704339981,89.19
0.14475387334823608,89.19
0.452587753534317,89.19
0.9854685068130493,89.18
0.4818991720676422,89.18
0.5651179552078247,89.18
0.33890706300735474,89.18
0.39912769198417664,89.18
0.3275151550769806,89.18
0.35889744758605957,89.18
0.34832850098609924,89.18
0.26964178681373596,89.18
0.08282548934221268,89.18
0.507125198841095,89.18
0.13660801947116852,89.19
0.1997416913509369,89.19
0.31733909249305725,89.19
0.4688552916049957,89.18
0.3092482089996338,89.18
0.24429532885551453,89.19
0.524903416633606,89.18
0.31129273772239685,89.18
0.2962740957736969,89.19
0.2343481034040451,89.19
0.4173513948917389,89.19
0.3485969007015228,89.19
0.25519654154777527,89.2
0.24389666318893433,89.2
0.4322032332420349,89.2
0.7182595133781433,89.2
0.2487131506204605,89.2
0.5185383558273315,89.2
0.22994078695774078,89.2
0.20795288681983948,89.2
0.24431680142879486,89.21
0.30508744716644287,89.21
0.11551148444414139,89.21
0.7111165523529053,89.21
0.242046058177948,89.21
0.15073230862617493,89.22
0.06094964221119881,89.22
0.21712090075016022,89.23
0.21346858143806458,89.23
0.1841750293970108,89.23
